{
  "threshold": 0.32999999999999996,
  "accuracy": 0.7421328671328671,
  "precision": 0.14276568501920614,
  "recall": 0.6211699164345403,
  "f1": 0.23217074440395627,
  "average_precision": 0.15948237989175662,
  "roc_auc": 0.7573504922324079,
  "confusion_matrix": [
    [
      4022,
      1339
    ],
    [
      136,
      223
    ]
  ],
  "classification_report": {
    "0": {
      "precision": 0.9672919672919673,
      "recall": 0.7502331654542063,
      "f1-score": 0.8450467486080471,
      "support": 5361.0
    },
    "1": {
      "precision": 0.14276568501920614,
      "recall": 0.6211699164345403,
      "f1-score": 0.23217074440395627,
      "support": 359.0
    },
    "accuracy": 0.7421328671328671,
    "macro avg": {
      "precision": 0.5550288261555867,
      "recall": 0.6857015409443733,
      "f1-score": 0.5386087465060017,
      "support": 5720.0
    },
    "weighted avg": {
      "precision": 0.9155428527227503,
      "recall": 0.7421328671328671,
      "f1-score": 0.8065812791134197,
      "support": 5720.0
    }
  },
  "chosen_threshold_info": {
    "threshold": 0.32999999999999996,
    "precision": 0.14276568501920614,
    "recall": 0.6211699164345403,
    "f1": 0.23217074440395627
  },
  "train_positive_event_rate": 0.0595446584938704,
  "test_positive_event_rate": 0.06276223776223776
}