{
  "accuracy": 0.7741258741258741,
  "macro_f1": 0.5550362349256635,
  "weighted_f1": 0.7818226233594048,
  "class_labels": [
    "construction",
    "industrial",
    "meteorology",
    "road_dust",
    "traffic",
    "waste_burning"
  ],
  "classification_report": {
    "construction": {
      "precision": 0.8640350877192983,
      "recall": 0.9292452830188679,
      "f1-score": 0.8954545454545455,
      "support": 424.0
    },
    "industrial": {
      "precision": 0.37398373983739835,
      "recall": 0.38333333333333336,
      "f1-score": 0.3786008230452675,
      "support": 120.0
    },
    "meteorology": {
      "precision": 0.11421319796954314,
      "recall": 0.12396694214876033,
      "f1-score": 0.11889035667107001,
      "support": 363.0
    },
    "road_dust": {
      "precision": 0.9012023000522739,
      "recall": 0.820366404948846,
      "f1-score": 0.8588865363058912,
      "support": 4203.0
    },
    "traffic": {
      "precision": 0.592741935483871,
      "recall": 0.9,
      "f1-score": 0.7147487844408428,
      "support": 490.0
    },
    "waste_burning": {
      "precision": 0.3050847457627119,
      "recall": 0.45,
      "f1-score": 0.36363636363636365,
      "support": 120.0
    },
    "accuracy": 0.7741258741258741,
    "macro avg": {
      "precision": 0.5252101678041827,
      "recall": 0.6011519939083013,
      "f1-score": 0.5550362349256635,
      "support": 5720.0
    },
    "weighted avg": {
      "precision": 0.7985131646564236,
      "recall": 0.7741258741258741,
      "f1-score": 0.7818226233594048,
      "support": 5720.0
    }
  }
}